SET FOREIGN_KEY_CHECKS = 0;

INSERT INTO BatDongSan (MaBDS, DiaChi, CCCD_ChuSoHuu) VALUES
('BDS001', 'Số 10, Ngõ 1, Đường Lê Lợi', '001200000001'),
('BDS002', 'Số 12, Ngõ 1, Đường Lê Lợi', '001200000002'),
('BDS003', 'Số 14, Ngõ 1, Đường Lê Lợi', '001200000003'),
('BDS004', 'Số 5, Ngách 2, Ngõ 1, Lê Lợi', '001200000004'),
('BDS005', 'Số 7, Ngách 2, Ngõ 1, Lê Lợi', '001200000005'),
('BDS006', 'Căn 101, Chung cư BlueSky', '001200000006'),
('BDS007', 'Căn 102, Chung cư BlueSky', '001200000007'),
('BDS008', 'Căn 205, Chung cư BlueSky', '001200000008'),
('BDS009', 'Căn 306, Chung cư BlueSky', '001200000009'),
('BDS010', 'Số 88, Đường Trần Phú', '001200000010'),
('BDS011', 'Số 90, Đường Trần Phú', '001200000011'),
('BDS012', 'Nhà trọ Bà Bảy, Phòng 1', '001200000012'),
('BDS013', 'Nhà trọ Bà Bảy, Phòng 2', '001200000013'),
('BDS014', 'Biệt thự Hoa Hồng, Khu A', '001200000014'),
('BDS015', 'Biệt thự Hoa Lan, Khu A', '001200000015');

select * from batdongsan

INSERT INTO GiaDinh (MaGiaDinh, CCCD_ChuHo, SoThanhVien, MaBDS) VALUES
('GD001', '001200000001', 0, 'BDS001'),
('GD002', '001200000002', 0, 'BDS002'),
('GD003', '001200000003', 0, 'BDS003'),
('GD004', '001200000004', 0, 'BDS004'),
('GD005', '001200000005', 0, 'BDS005'),
('GD006', '001200000006', 0, 'BDS006'),
('GD007', '001200000007', 0, 'BDS007'),
('GD008', '001200000008', 0, 'BDS008'),
('GD009', '001200000009', 0, 'BDS009'),
('GD010', '001200000010', 0, 'BDS010'),
('GD011', '001200000011', 0, 'BDS011'),
('GD012', '001200000012', 0, 'BDS012'),
('GD013', '001200000013', 0, 'BDS013'),
('GD014', '001200000014', 0, 'BDS014'),
('GD015', '001200000015', 0, 'BDS015');

INSERT INTO NguoiDan (CCCD, HoTen, NgaySinh, GioiTinh, MaGiaDinh, LaTamTru) VALUES
('001200000001', 'Nguyễn Văn An', '1980-01-01', 'Nam', 'GD001', 0),
('001200000002', 'Trần Thị Bình', '1985-05-15', 'Nữ', 'GD002', 0),
('001200000003', 'Lê Văn Cường', '1975-09-20', 'Nam', 'GD003', 0),
('001200000004', 'Phạm Thị Dung', '1990-03-10', 'Nữ', 'GD004', 0),
('001200000005', 'Hoàng Văn Em', '1982-12-12', 'Nam', 'GD005', 0),
('001200000006', 'Vũ Thị Phượng', '1988-07-07', 'Nữ', 'GD006', 0),
('001200000007', 'Đặng Văn Giang', '1995-11-11', 'Nam', 'GD007', 0),
('001200000008', 'Bùi Thị Hoa', '1960-04-30', 'Nữ', 'GD008', 0),
('001200000009', 'Đỗ Văn Hùng', '1978-08-19', 'Nam', 'GD009', 0),
('001200000010', 'Ngô Thị Kim', '1992-02-28', 'Nữ', 'GD010', 0),
('001200000011', 'Lý Văn Lâm', '1983-06-01', 'Nam', 'GD011', 0),
('001200000012', 'Nguyễn Thị Bảy', '1970-01-01', 'Nữ', 'GD012', 0),
('001200000013', 'Nguyễn Văn Minh', '1999-09-09', 'Nam', 'GD013', 1),
('001200000014', 'Trần Đại Phát', '1975-05-05', 'Nam', 'GD014', 0),
('001200000015', 'Lê Thị Sáng', '1980-10-10', 'Nữ', 'GD015', 0),
('001200000020', 'Trần Thị Vui', '1982-02-02', 'Nữ', 'GD001', 0),
('001200000021', 'Nguyễn Văn Tí', '2010-01-01', 'Nam', 'GD001', 0),
('001200000022', 'Nguyễn Thị Thảo', '2012-05-05', 'Nữ', 'GD001', 0),
('001200000023', 'Lê Văn Chung', '1983-03-03', 'Nam', 'GD002', 0),
('001200000024', 'Lê Thị Bé', '2015-06-01', 'Nữ', 'GD002', 0),
('001200000025', 'Hoàng Thị Mai', '1950-01-01', 'Nữ', 'GD003', 0),
('001200000026', 'Lê Văn Cẩn', '2005-09-09', 'Nam', 'GD003', 0),
('001200000027', 'Nguyễn Văn Bản', '1990-01-01', 'Nam', 'GD004', 1),
('001200000028', 'Võ Thị Sáu', '1985-05-05', 'Nữ', 'GD005', 0),
('001200000029', 'Hoàng Văn Bảy', '2018-01-01', 'Nam', 'GD005', 0),
('001200000030', 'Nguyễn Văn Hùng', '1985-08-08', 'Nam', 'GD006', 0),
('001200000031', 'Nguyễn Tuấn Anh', '2003-01-01', 'Nam', 'GD012', 1),
('001200000032', 'Trần Thị Ngọc', '2003-02-02', 'Nữ', 'GD012', 1),
('001200000033', 'Lê Văn Công', '2000-03-03', 'Nam', 'GD013', 1),
('001200000034', 'Phạm Thị Nhân', '2001-04-04', 'Nữ', 'GD013', 1),
('001200000035', 'Trần Thị Giúp', '1970-01-01', 'Nữ', 'GD014', 1),
('001200000036', 'Nguyễn Văn Tài', '1980-01-01', 'Nam', 'GD014', 1),
('001200000037', 'Lê Văn Long', '2000-01-01', 'Nam', 'GD015', 0);

UPDATE GiaDinh g
SET SoThanhVien = (SELECT COUNT(*) FROM NguoiDan n WHERE n.MaGiaDinh = g.MaGiaDinh);

INSERT INTO TamTru (CCCD_NguoiThue, CCCD_ChuHo, MaBDS, NgayBatDau, NgayKetThuc) VALUES
('001200000013', '001200000012', 'BDS013', '2025-10-01', '2026-10-01'),
('001200000027', '001200000004', 'BDS004', '2025-06-15', '2025-12-31'),
('001200000031', '001200000012', 'BDS012', '2025-09-01', '2026-06-30'),
('001200000032', '001200000012', 'BDS012', '2025-09-05', '2026-06-30'),
('001200000033', '001200000012', 'BDS013', '2025-11-20', '2026-05-20'),
('001200000034', '001200000012', 'BDS013', '2025-12-01', '2026-06-01'),
('001200000035', '001200000014', 'BDS014', '2025-01-01', NULL),
('001200000036', '001200000014', 'BDS014', '2025-01-01', NULL);

INSERT INTO HoatDong (TenHoatDong, ThoiGianBatDau, ThoiGianKetThuc) VALUES
('Tuyên truyền PCCC Mùa hanh khô', '2025-12-05 09:00:00', '2025-12-05 11:00:00'),
('Tiêm chủng vét đợt cuối năm', '2025-12-10 08:00:00', '2025-12-10 17:00:00'),
('Họp Tổng kết Tổ dân phố 2025', '2025-12-15 19:30:00', '2025-12-15 21:30:00'),
('Trang trí đèn lồng đón Noel', '2025-12-20 14:00:00', '2025-12-20 18:00:00'),
('Tặng quà Noel cho các bé', '2025-12-24 19:00:00', '2025-12-24 21:00:00'),
('Liên hoan Tất niên Khu phố', '2025-12-31 18:00:00', '2025-12-31 22:00:00'),
('Bầu cử Tổ trưởng nhiệm kỳ 2026', '2026-01-05 08:00:00', '2026-01-05 11:00:00'),
('Họp triển khai kế hoạch năm 2026', '2026-01-10 19:30:00', '2026-01-10 21:30:00'),
('Tổng vệ sinh đón Tết Nguyên Đán', '2026-01-15 07:00:00', '2026-01-15 11:00:00'),
('Trao quà Tết cho người cao tuổi', '2026-01-20 09:00:00', '2026-01-20 11:00:00'),
('Trông giữ xe dịp Tết', '2026-01-28 00:00:00', '2026-02-05 23:59:00'),
('Gặp mặt đầu xuân Bính Ngọ', '2026-02-10 09:00:00', '2026-02-10 11:30:00');

INSERT INTO ThamGiaHoatDong (IdHoatDong, MaGiaDinh, GhiChu) VALUES
(3, 'GD001', 'Chủ hộ đi họp'),
(3, 'GD002', 'Vợ đi thay'),
(3, 'GD003', 'Đã điểm danh'),
(3, 'GD014', 'Người giúp việc đi thay'),
(5, 'GD001', '2 bé nhận quà'),
(5, 'GD002', '1 bé nhận quà'),
(5, 'GD003', 'Cháu nội nhận quà'),
(5, 'GD004', 'Vắng mặt'),
(5, 'GD005', 'Con nhỏ nhận quà'),
(5, 'GD006', 'Vắng mặt'),
(5, 'GD007', 'Vắng mặt'),
(5, 'GD008', 'Cháu ngoại nhận quà'),
(5, 'GD009', 'Vắng mặt'),
(5, 'GD010', 'Vắng mặt'),
(5, 'GD015', 'Vắng mặt'),
(2, 'GD001', 'Đủ liều'),
(2, 'GD005', 'Đủ liều'),
(2, 'GD012', 'Sinh viên tiêm mũi 3'),
(2, 'GD013', 'Công nhân tiêm mũi 3'),
(6, 'GD001', 'Ủng hộ 200k'),
(6, 'GD002', 'Ủng hộ 200k'),
(6, 'GD004', 'Ủng hộ 300k'),
(6, 'GD014', 'Ủng hộ 2 triệu');

INSERT INTO TaiKhoan (Email, MatKhau, PhanQuyen, CCCD) VALUES
('admin@dancu.com', '123456', 'Admin', NULL),
('toTruong@dancu.com', '123456', 'Admin', NULL),
('nguoidan1@dancu.com', '123456', 'CongDan', '001200000003'),
('nguoidan2@dancu.com', '123456', 'CongDan', '001200000015');